Generator,Data File,Multiplier
AGWishon1,HY_SanJoachinWishon_2010[05].csv,Escalator0.00056
AGWishon2,HY_SanJoachinWishon_2010[05].csv,Escalator0.00056
AGWishon3,HY_SanJoachinWishon_2010[05].csv,Escalator0.00056
AGWishon4,HY_SanJoachinWishon_2010[05].csv,Escalator0.00056
Alamo_1,HY_BishopCreek_2010[05].csv,Escalator0.0018
AlbeniFalls1,HY_AlbeniFalls_2010[05].csv,Escalator0.00142
AlbeniFalls2,HY_AlbeniFalls_2010[05].csv,Escalator0.00142
AlbeniFalls3,HY_AlbeniFalls_2010[05].csv,Escalator0.00142
Alcova1,HY_Alcova_2010[05].csv,Escalator0.00207
Alcova2,HY_Alcova_2010[05].csv,Escalator0.00207
Baker_Station,HY_Generic_2010[Keswick05].csv,Escalator0.00025
Balch1-1,HY_Balch1_2010[05].csv,Escalator0.0034
Beardsley_1,HY_StanislausDonnels_2010[05].csv,Escalator0.00115
Belly_River,HY_Generic_2010[Keswick05].csv,Escalator0.00027
Big_Cliff_1,HY_BigCliff_2010[05].csv,Escalator0.0018
BigCreekWW,HY_Generic_2010[Keswick05].csv,Escalator0.0005
BishopCreek2-1,HY_BishopCreek_2010[05].csv,Escalator0.000265
BishopCreek2-2,HY_BishopCreek_2010[05].csv,Escalator0.000265
BishopCreek2-3,HY_BishopCreek_2010[05].csv,Escalator0.000243
BishopCreek3-1,HY_BishopCreek_2010[05].csv,Escalator0.000279
BishopCreek3-2,HY_BishopCreek_2010[05].csv,Escalator0.000237
BishopCreek3-3,HY_BishopCreek_2010[05].csv,Escalator0.000279
BishopCreek4-1,HY_BishopCreek_2010[05].csv,Escalator0.000103
BishopCreek4-2,HY_BishopCreek_2010[05].csv,Escalator0.000103
BishopCreek4-3,HY_BishopCreek_2010[05].csv,Escalator0.000196
BishopCreek4-4,HY_BishopCreek_2010[05].csv,Escalator0.000196
BishopCreek4-5,HY_BishopCreek_2010[05].csv,Escalator0.000196
BishopCreek5-1,HY_BishopCreek_2010[05].csv,Escalator0.000212
BishopCreek5-2,HY_BishopCreek_2010[05].csv,Escalator0.000265
BishopCreek6-1,HY_BishopCreek_2010[05].csv,Escalator0.000169
BlackButte,HY_BlackButt_2010[05].csv,Escalator0.00062
Bonneville1,HY_Boneville_2010[05].csv,Escalator0.0047
Bonneville10,HY_Boneville_2010[05].csv,Escalator0.006
Bonneville11,HY_Boneville_2010[05].csv,Escalator0.00765
Bonneville12,HY_Boneville_2010[05].csv,Escalator0.00765
Bonneville13,HY_Boneville_2010[05].csv,Escalator0.00765
Bonneville14,HY_Boneville_2010[05].csv,Escalator0.00765
Bonneville15,HY_Boneville_2010[05].csv,Escalator0.00765
Bonneville16,HY_Boneville_2010[05].csv,Escalator0.00765
Bonneville17,HY_Boneville_2010[05].csv,Escalator0.00765
Bonneville18,HY_Boneville_2010[05].csv,Escalator0.00765
Bonneville2,HY_Boneville_2010[05].csv,Escalator0.0059
Bonneville3,HY_Boneville_2010[05].csv,Escalator0.006
Bonneville4,HY_Boneville_2010[05].csv,Escalator0.006
Bonneville5,HY_Boneville_2010[05].csv,Escalator0.006
Bonneville6,HY_Boneville_2010[05].csv,Escalator0.006
Bonneville7,HY_Boneville_2010[05].csv,Escalator0.006
Bonneville8,HY_Boneville_2010[05].csv,Escalator0.006
Bonneville9,HY_Boneville_2010[05].csv,Escalator0.006
BonnevilleF1,HY_Boneville_2010[05].csv,Escalator0.00131
BonnevilleF2,HY_Boneville_2010[05].csv,Escalator0.00131
Borden-QFAgg,HY_Generic_2010[Keswick05].csv,Escalator0.000224
Borel1,HY_BishopCreek_2010[05].csv,Escalator0.000275
Borel2,HY_BishopCreek_2010[05].csv,Escalator0.000275
Borel3,HY_BishopCreek_2010[05].csv,Escalator0.00055
Bowman_GEN1,HY_YubaBear_2010[05].csv,Escalator0.000625
BoxCanyonID,HY_Generic_2010[Keswick05].csv,Escalator0.000056
Boysen1,HY_Boysen_2010[05].csv,Escalator0.00075
Boysen2,HY_Boysen_2010[05].csv,Escalator0.00075
BriggsCreek1,HY_Generic_2010[Keswick05].csv,Escalator0.00006
Bucks_Creek_H1,HY_BucksCreek_2010[05].csv,Escalator0.00295
Bucks_Creek_H2,HY_BucksCreek_2010[05].csv,Escalator0.00295
Buffalo_Bill_1,HY_BuffBill_2010[05].csv,Escalator0.0006
Buffalo_Bill_2,HY_BuffBill_2010[05].csv,Escalator0.0006
Buffalo_Bill_3,HY_BuffBill_2010[05].csv,Escalator0.0006
Burney_Creek,HY_BurneyCreek_2010[05].csv,Escalator0.0003
Burney_QF,HY_Generic_2010[Keswick05].csv,Escalator0.0001
Burton_Creek,HY_Generic_2010[Keswick05].csv,Escalator0.000048
CabinetGorge1,HY_CabGorge_2010[05].csv,Escalator0.00594
CabinetGorge2,HY_CabGorge_2010[05].csv,Escalator0.00732
CabinetGorge3,HY_CabGorge_2010[05].csv,Escalator0.00732
CabinetGorge4,HY_CabGorge_2010[05].csv,Escalator0.00594
Camanche_1,HY_MokelumneRiver_2010[05].csv,Escalator0.000333
Camanche_2,HY_MokelumneRiver_2010[05].csv,Escalator0.000333
Camanche_3,HY_MokelumneRiver_2010[05].csv,Escalator0.000333
Camp_Far_West_1,HY_SFeatherColgate_2010[05].csv,Escalator0.00079
Canyon_Ferry_1,HY_CanyonFerry_2010[05].csv,Escalator0.00166
Canyon_Ferry_2,HY_CanyonFerry_2010[05].csv,Escalator0.00166
Canyon_Ferry_3,HY_CanyonFerry_2010[05].csv,Escalator0.00166
Canyon_Springs,HY_Generic_2010[Keswick05].csv,Escalator0.000013
Cascade_CO,HY_Generic_2010[Keswick05].csv,Escalator0.0001
Cedar_Draw_1,HY_Generic_2010[Keswick05].csv,Escalator0.00023
Centerville1,HY_WestFeatherRiver_2010[05].csv,Escalator0.000507
Centerville2,HY_WestFeatherRiver_2010[05].csv,Escalator0.000083
Chicago_Park_2P,HY_ChiPark_2010[05].csv,Escalator0.0042
Chili_Bar_1,HY_YubaWest_2010[05].csv,Escalator0.0007
ChinChute_Hydro,HY_ChinChute_2010[05].csv,Escalator0.0012
ClrSpringsTrout,HY_Generic_2010[Keswick05].csv,Escalator0.000052
ClrwatrFishHtch,HY_Generic_2010[Keswick05].csv,Escalator0.00029
Coleman_1,HY_BattleRiver_2010[05].csv,Escalator0.0013
Colgate_1,HY_Colgate_2010[05].csv,Escalator0.017672
Colgate_2,HY_Colgate_2010[05].csv,Escalator0.017567
CombieNorth,HY_Generic_2010[Keswick05].csv,Escalator0.000033
Corona_1,HY_Generic_2010[Keswick05].csv,Escalator0.000285
Cougar_1,HY_Cougar_2010[05].csv,Escalator0.0014
Cougar_2,HY_Cougar_2010[05].csv,Escalator0.0014
Coyote_Creek_1,HY_Generic_2010[Keswick05].csv,Escalator0.000313
Crane_Valley,HY_Generic_2010[Keswick05].csv,Escalator0.00009
Cresta_1,HY_Cresta_2010[05].csv,Escalator0.00352
Cresta_2,HY_Cresta_2010[05].csv,Escalator0.00352
Crystal_1,HY_Crystal_2010[05].csv,Escalator0.00315
Curis_QF,HY_Generic_2010[Keswick05].csv,Escalator0.00023
Curry_Cattle,HY_Generic_2010[Keswick05].csv,Escalator0.000022
Cutler_1,HY_Cutler_2010[05].csv,Escalator0.0015
Cutler_2,HY_Cutler_2010[05].csv,Escalator0.0015
Davis_Dam_1,HY_Davis_2010[05].csv,Escalator0.005175
Davis_Dam_2,HY_Davis_2010[05].csv,Escalator0.005175
Davis_Dam_3,HY_Davis_2010[05].csv,Escalator0.0048
Davis_Dam_4,HY_Davis_2010[05].csv,Escalator0.005175
Davis_Dam_5,HY_Davis_2010[05].csv,Escalator0.005175
De_Sabla_1,HY_WestFeatherRiver_2010[05].csv,Escalator0.00185
Deadwood_Creek,HY_WestFeatherRiver_2010[05].csv,Escalator0.0002
DeerCreek(CA)_1,HY_YubaBear_2010[05].csv,Escalator0.0007
Detroit_1,HY_Detroit_2010[05].csv,Escalator0.005
Detroit_2,HY_Detroit_2010[05].csv,Escalator0.005
DevilCanyon1,HY_DevilCnyn_2010[05].csv,Escalator0.006
DevilCanyon2,HY_DevilCnyn_2010[05].csv,Escalator0.006
DevilCanyon3,HY_DevilCnyn_2010[05].csv,Escalator0.008
DevilCanyon4,HY_DevilCnyn_2010[05].csv,Escalator0.008
Dexter_1,HY_Dexter_2010[05].csv,Escalator0.0015
Dion_R_Holm_1,HY_Holm_2010[05].csv,Escalator0.0085
Dion_R_Holm_2,HY_Holm_2010[05].csv,Escalator0.0085
DivisionCreek,HY_Generic_2010[Keswick05].csv,Escalator0.00006
Donnells,HY_Donnells_2010[05].csv,Escalator0.0072
DonPedro1,HY_DonPedro_2010[05].csv,Escalator0.0055
DonPedro2,HY_DonPedro_2010[05].csv,Escalator0.0055
DonPedro3,HY_DonPedro_2010[05].csv,Escalator0.0055
DonPedro4,HY_DonPedro_2010[05].csv,Escalator0.00382
Double_Weir1,HY_Generic_2010[Keswick05].csv,Escalator0
Double_Weir2,HY_Generic_2010[Keswick05].csv,Escalator0
Drum_2_5,HY_Drum2_2010[05].csv,Escalator0.005
Drum1-1,HY_Drum1_2010[05].csv,Escalator0.00133
Drum1-2,HY_Drum1_2010[05].csv,Escalator0.00133
Drum1-3,HY_Drum1_2010[05].csv,Escalator0.00274
Drum1-4,HY_Drum1_2010[05].csv,Escalator0.00132
Dutch_Flat_1,HY_YubaBear_2010[05].csv,Escalator0.0022
Dutch_Flat_2_3P,HY_YubaBear_2010[05].csv,Escalator0.0026
Dworshak_1,HY_Dworshk_2010[05].csv,Escalator0.009
Dworshak_2,HY_Dworshk_2010[05].csv,Escalator0.009
Dworshak_3,HY_Dworshk_2010[05].csv,Escalator0.022
El_Dorado_1,HY_YubaWest_2010[05].csv,Escalator0.00105
El_Dorado_2,HY_YubaWest_2010[05].csv,Escalator0.00105
ElephantButte1,HY_EleButte_2010[05].csv,Escalator0.00093
ElephantButte2,HY_EleButte_2010[05].csv,Escalator0.00093
ElephantButte3,HY_EleButte_2010[05].csv,Escalator0.00093
Estes_1,HY_Estes_2010[05].csv,Escalator0.0015
Estes_2,HY_Estes_2010[05].csv,Escalator0.0015
Estes_3,HY_Estes_2010[05].csv,Escalator0.0015
Etiwanda_Hydro,HY_Generic_2010[Keswick05].csv,Escalator0.0024
Exchequer,HY_Exchequer_2010[05].csv,Escalator0.00945
Faulkner_Ranch,HY_Generic_2010[Keswick05].csv,Escalator0.000087
Fisheries_Dev,HY_Generic_2010[Keswick05].csv,Escalator0.000026
FlamingGorge1,HY_FlamGorge_2010[05].csv,Escalator0.005065
FlamingGorge2,HY_FlamGorge_2010[05].csv,Escalator0.005065
FlamingGorge3,HY_FlamGorge_2010[05].csv,Escalator0.005065
Flatiron_1,HY_FlatIron_2010[05].csv,Escalator0.0043
Flatiron_2,HY_FlatIron_2010[05].csv,Escalator0.0043
Flatiron_3,HY_FlatIron3gen_2010[05].csv,Escalator0.00085
Folsom_1,HY_Folsom_2010[05].csv,Escalator0.00717
Folsom_2,HY_Folsom_2010[05].csv,Escalator0.00717
Folsom_3,HY_Folsom_2010[05].csv,Escalator0.00717
Fontenelle_1,HY_Fontenelle_2010[05].csv,Escalator0.001
Foothill_LA,HY_Generic_2010[Keswick05].csv,Escalator0.0011
Forbestown_1,HY_SFeatherPalermo_2010[05].csv,Escalator0.0039
Forks_Butte1,HY_WestFeatherRiver_2010[05].csv,Escalator0.001247
Forks_Butte2,HY_WestFeatherRiver_2010[05].csv,Escalator0.000183
Fort_Peck_1,HY_FtPeck_2010[05].csv,Escalator0.00435
Fort_Peck_2,HY_FtPeck_2010[05].csv,Escalator0.00183
FortPeck3,HY_FtPeck_2010[05].csv,Escalator0.00435
FortSeward_QF,HY_Generic_2010[Keswick05].csv,Escalator0.00013
Foster_1,HY_Foster_2010[05].csv,Escalator0.001
Foster_2,HY_Foster_2010[05].csv,Escalator0.001
FremontCanyon1,HY_Fremont_2010[05].csv,Escalator0.00334
FremontCanyon2,HY_Fremont_2010[05].csv,Escalator0.00334
French_Meadows,HY_MiddleForkYuba_2010[05].csv,Escalator0.0018
FriantFR1,HY_SanJoachinWishon_2010[05].csv,Escalator0.002026
FriantM1,HY_SanJoachinWishon_2010[05].csv,Escalator0.001079
FriantRO1,HY_SanJoachinWishon_2010[05].csv,Escalator0.000264
Glen_Canyon1,HY_GlenCanyon_2010[05].csv,Escalator0.0165
Glen_Canyon2,HY_GlenCanyon_2010[05].csv,Escalator0.0157
Glen_Canyon3,HY_GlenCanyon_2010[05].csv,Escalator0.0165
Glen_Canyon4,HY_GlenCanyon_2010[05].csv,Escalator0.0157
Glen_Canyon5,HY_GlenCanyon_2010[05].csv,Escalator0.0165
Glen_Canyon6,HY_GlenCanyon_2010[05].csv,Escalator0.0165
Glen_Canyon7,HY_GlenCanyon_2010[05].csv,Escalator0.0157
Glen_Canyon8,HY_GlenCanyon_2010[05].csv,Escalator0.0165
Glendo_1,HY_Glendo_2010[05].csv,Escalator0.0019
Glendo_2,HY_Glendo_2010[05].csv,Escalator0.0019
Green_Peter_1,HY_GreenPet_2010[05].csv,Escalator0.004
Green_Peter_2,HY_GreenPet_2010[05].csv,Escalator0.004
GreenMountain1,HY_GreenMt_2010[05].csv,Escalator0.0013
GreenMountain2,HY_GreenMt_2010[05].csv,Escalator0.0013
Grizzly_NA1,HY_NFeatherCaribou_2010[05].csv,Escalator0.002
Gross_Hydro,HY_Generic_2010[Keswick05].csv,Escalator0.00078
Hailey_Cspp_1,HY_Generic_2010[Keswick05].csv,Escalator0.000006
Halsey_1,HY_YubaBear_2010[05].csv,Escalator0.00135
HamiltonBranch1,HY_NFeatherCaribou_2010[05].csv,Escalator0.00024
HamiltonBranch2,HY_NFeatherCaribou_2010[05].csv,Escalator0.00024
Hatchet_Creek,HY_HatchetCrk_2010[05].csv,Escalator0.00068
HatCreek1,HY_HatCrkPit1_2010[05].csv,Escalator0.00085
HatCreek2,HY_HatCrkPit1_2010[05].csv,Escalator0.00085
HatCreekSmlAgg1,HY_HatCrkPit1_2010[05].csv,Escalator0.0002
HatCreekSmlAgg2,HY_HatCrkPit1_2010[05].csv,Escalator0.00014
HatCreekSmlAgg3,HY_HatCrkPit1_2010[05].csv,Escalator0.00005
Haypress_LGEN,HY_YubaBear_2010[05].csv,Escalator0.000938
Haypress_UGEN,HY_YubaBear_2010[05].csv,Escalator0.000938
Hell_Hole,HY_MiddleForkYuba_2010[05].csv,Escalator0.00005
Hellroaring1,HY_Generic_2010[Keswick05].csv,Escalator0.00002
Hellroaring2,HY_Generic_2010[Keswick05].csv,Escalator0.00002
HillsCreek1,HY_HillsCrk_2010[05].csv,Escalator0.0015
HillsCreek2,HY_HillsCrk_2010[05].csv,Escalator0.0015
Horse_Mesa_HM1,HY_Generic_2010[Keswick05].csv,Escalator0.00099
Horse_Mesa_HM2,HY_Generic_2010[Keswick05].csv,Escalator0.00099
Horse_Mesa_HM3,HY_Generic_2010[Keswick05].csv,Escalator0.00099
Humboldt_QF,HY_Generic_2010[Keswick05].csv,Escalator0.000005
Hungry_Horse_1,HY_HungryH_2010[05].csv,Escalator0.0107
Hungry_Horse_2,HY_HungryH_2010[05].csv,Escalator0.0107
Hungry_Horse_3,HY_HungryH_2010[05].csv,Escalator0.0107
Hungry_Horse_4,HY_HungryH_2010[05].csv,Escalator0.0107
Ice_Harbor_1,HY_IceHrbr_2010[05].csv,Escalator0.009
Ice_Harbor_2,HY_IceHrbr_2010[05].csv,Escalator0.009
Ice_Harbor_3,HY_IceHrbr_2010[05].csv,Escalator0.009
Ice_Harbor_4,HY_IceHrbr_2010[05].csv,Escalator0.0111
Ice_Harbor_5,HY_IceHrbr_2010[05].csv,Escalator0.0111
Ice_Harbor_6,HY_IceHrbr_2010[05].csv,Escalator0.0111
Idylwilde_1,HY_Generic_2010[Keswick05].csv,Escalator0.000045
Idylwilde_2,HY_Generic_2010[Keswick05].csv,Escalator0.000045
IndianValley,HY_EelRiver_2010[05].csv,Escalator0.0005
Inskip_1,HY_BattleRiver_2010[05].csv,Escalator0.0008
Irrican,HY_Irrican_2010[05].csv,Escalator0.0007
Jim_Knight_1,HY_Generic_2010[Keswick05].csv,Escalator0.000034
John_C_Boyle_1,HY_Boyle_2010[05].csv,Escalator0.005035
John_C_Boyle_2,HY_Boyle_2010[05].csv,Escalator0.004763
Jones_Fork,HY_SMUDHydro_2010[05].csv,Escalator0.00115
Judge_F_Carr_1,HY_JFCarr_2010[05].csv,Escalator0.00856
Judge_F_Carr_2,HY_JFCarr_2010[05].csv,Escalator0.00856
Kanaka_KAN1,HY_SFeatherPalermo_2010[05].csv,Escalator0.00025
Kekawaka,HY_EelRiver_2010[05].csv,Escalator0.0006
Kelly_Ridge_1,HY_Generic_2010[Keswick05].csv,Escalator0.0011
Kerckhoff_2_1,HY_Kerckhoff2_2010[05].csv,Escalator0.01539
Kerckhoff_H1,HY_Kerckhoff_2010[05].csv,Escalator0.0013
Kerckhoff_H2,HY_Kerckhoff_2010[05].csv,Escalator0.00128
Kerckhoff_H3,HY_Kerckhoff_2010[05].csv,Escalator0.00128
Kern_Canyon_1,HY_Kern_River_2010[05].csv,Escalator0.00115
KernRiver1_1,HY_KernRvr1_2010[05].csv,Escalator0.00064
KernRiver1-2,HY_KernRvr1_2010[05].csv,Escalator0.00064
KernRiver1-3,HY_KernRvr1_2010[05].csv,Escalator0.00064
KernRiver1-4,HY_KernRvr1_2010[05].csv,Escalator0.00064
KernRiver3_1,HY_KernRvr3_2010[05].csv,Escalator0.001881
KernRiver3_2,HY_KernRvr3_2010[05].csv,Escalator0.001799
Keswick_1,HY_Keswick_2010[05].csv,Escalator0.0039
Keswick_2,HY_Keswick_2010[05].csv,Escalator0.0039
Keswick_3,HY_Keswick_2010[05].csv,Escalator0.0039
Kilarc_1,HY_BattleRiver_2010[05].csv,Escalator0.00016
Kilarc_2,HY_BattleRiver_2010[05].csv,Escalator0.00016
KingsRiverHY,HY_KingsRvr_2010[05].csv,Escalator0.00512
Kohler_Hydro_1,HY_Generic_2010[Keswick05].csv,Escalator0.000008
Kohler_Hydro_2,HY_Generic_2010[Keswick05].csv,Escalator0.000008
Kortes_1,HY_Kortes_2010[05].csv,Escalator0.0012
Kortes_2,HY_Kortes_2010[05].csv,Escalator0.0012
Kortes_3,HY_Kortes_2010[05].csv,Escalator0.0012
La_Grange_1,HY_TuolumneDonPedro_2010[05].csv,Escalator0.00015
La_Grange_2,HY_TuolumneDonPedro_2010[05].csv,Escalator0.00037
LakeCreek_BPA1,HY_Generic_2010[Keswick05].csv,Escalator0.0001
LakeCreek_BPA2,HY_Generic_2010[Keswick05].csv,Escalator0.00035
Lemolo1-1,HY_Lemolo1_2010[05].csv,Escalator0.003199
Lemoyne_1,HY_Generic_2010[Keswick05].csv,Escalator0.000008
Lewiston_1,HY_Generic_2010[Keswick05].csv,Escalator0.00005
Libby_1,HY_Libby_2010[05].csv,Escalator0.0105
Libby_2,HY_Libby_2010[05].csv,Escalator0.0105
Libby_3,HY_Libby_2010[05].csv,Escalator0.0105
Libby_4,HY_Libby_2010[05].csv,Escalator0.0105
Libby_5,HY_Libby_2010[05].csv,Escalator0.0105
Longmont_1,HY_Generic_2010[Keswick05].csv,Escalator0.00003
Longmont_2,HY_Generic_2010[Keswick05].csv,Escalator0.00003
Lookout_Point_1,HY_LooktPnt_2010[05].csv,Escalator0.004
Lookout_Point_2,HY_LooktPnt_2010[05].csv,Escalator0.004
Lookout_Point_3,HY_LooktPnt_2010[05].csv,Escalator0.004
LOS_BANOS_QF,HY_Generic_2010[Keswick05].csv,Escalator0.000168
LostCreek_OR1,HY_LostCrk_2010[05].csv,Escalator0.00245
LostCreek_OR2,HY_LostCrk_2010[05].csv,Escalator0.00245
Lower_Granite_1,HY_LowrGrnt_2010[05].csv,Escalator0.0135
Lower_Granite_2,HY_LowrGrnt_2010[05].csv,Escalator0.0135
Lower_Granite_3,HY_LowrGrnt_2010[05].csv,Escalator0.0135
Lower_Granite_4,HY_LowrGrnt_2010[05].csv,Escalator0.0135
Lower_Granite_5,HY_LowrGrnt_2010[05].csv,Escalator0.0135
Lower_Granite_6,HY_LowrGrnt_2010[05].csv,Escalator0.0135
Lower_Malad_1,HY_Generic_2010[Keswick05].csv,Escalator0.00135
LowerMonumentl1,HY_LowrMnt_2010[05].csv,Escalator0.0135
LowerMonumentl2,HY_LowrMnt_2010[05].csv,Escalator0.0135
LowerMonumentl3,HY_LowrMnt_2010[05].csv,Escalator0.0135
LowerMonumentl4,HY_LowrMnt_2010[05].csv,Escalator0.0135
LowerMonumentl5,HY_LowrMnt_2010[05].csv,Escalator0.0135
LowerMonumentl6,HY_LowrMnt_2010[05].csv,Escalator0.0135
LowGap_QF,HY_Generic_2010[Keswick05].csv,Escalator0.00035
LowLineMdwy2SoForks2,HY_Generic_2010[Keswick05].csv,Escalator0.0004
LowLineMidway1,HY_Generic_2010[Keswick05].csv,Escalator0.00025
LytleCreek1,HY_Generic_2010[Keswick05].csv,Escalator0.00004
LytleCreek2,HY_Generic_2010[Keswick05].csv,Escalator0.00004
Malad_River_1,HY_Generic_2010[Keswick05].csv,Escalator0.000062
MamthPoolFshwtr,HY_Generic_2010[Keswick05].csv,Escalator0.000125
Marco_Ranch_1,HY_Generic_2010[Keswick05].csv,Escalator0.00003
Marco_Ranch_2,HY_Generic_2010[Keswick05].csv,Escalator0.00003
Marco_Ranch_3,HY_Generic_2010[Keswick05].csv,Escalator0.00003
Marco_Ranch_4,HY_Generic_2010[Keswick05].csv,Escalator0.00003
Maxwell_Hydro,HY_Generic_2010[Keswick05].csv,Escalator0.000007
McCall_QF,HY_Generic_2010[Keswick05].csv,Escalator0.000145
McNary01,HY_McNary_2010[05].csv,Escalator0.007
McNary02,HY_McNary_2010[05].csv,Escalator0.007
McNary03,HY_McNary_2010[05].csv,Escalator0.007
McNary04,HY_McNary_2010[05].csv,Escalator0.007
McNary05,HY_McNary_2010[05].csv,Escalator0.007
McNary06,HY_McNary_2010[05].csv,Escalator0.007
McNary07,HY_McNary_2010[05].csv,Escalator0.007
McNary08,HY_McNary_2010[05].csv,Escalator0.007
McNary09,HY_McNary_2010[05].csv,Escalator0.007
McNary10,HY_McNary_2010[05].csv,Escalator0.007
McNary11,HY_McNary_2010[05].csv,Escalator0.007
McNary12,HY_McNary_2010[05].csv,Escalator0.007
McNary13,HY_McNary_2010[05].csv,Escalator0.007
McNary14,HY_McNary_2010[05].csv,Escalator0.00805
McSwain_1,HY_MercedRiver_2010[05].csv,Escalator0.001
Merced_Falls_1,HY_MercedRiver_2010[05].csv,Escalator0.00035
Merwin_1,HY_Merwin_2010[05].csv,Escalator0.0045
Merwin_2,HY_Merwin_2010[05].csv,Escalator0.0045
Merwin_3,HY_Merwin_2010[05].csv,Escalator0.0045
MESA_QF,HY_Generic_2010[Keswick05].csv,Escalator0.0001
Metcalf_QF,HY_Generic_2010[Keswick05].csv,Escalator0.00008
MIddleFork1,HY_MiddleFork_2010[05].csv,Escalator0.006916
MIddleFork2,HY_MiddleFork_2010[05].csv,Escalator0.0062
MillCreek_OR,HY_Generic_2010[Keswick05].csv,Escalator0.00005
MillCreek1,HY_Generic_2010[Keswick05].csv,Escalator0.0001
MillCreek2_2,HY_Generic_2010[Keswick05].csv,Escalator0.0001
MillCreek2_3,HY_Generic_2010[Keswick05].csv,Escalator0.0001
MillCreek3_4,HY_Generic_2010[Keswick05].csv,Escalator0.0001
MillCreek3_5,HY_Generic_2010[Keswick05].csv,Escalator0.0001
Moccasin_1,HY_Moccasin_2010[05].csv,Escalator0.00575
Moccasin_2,HY_Moccasin_2010[05].csv,Escalator0.00575
Monticello_1,HY_Monticlo_2010[05].csv,Escalator0.000543
Monticello_2,HY_Monticlo_2010[05].csv,Escalator0.000543
Monticello_3,HY_Monticlo_2010[05].csv,Escalator0.000163
MoraDrop,HY_Generic_2010[Keswick05].csv,Escalator0.000185
Morrow_Point_1,HY_Morro_2010[05].csv,Escalator0.008667
Morrow_Point_2,HY_Morro_2010[05].csv,Escalator0.008667
MossLanding_QF,HY_Generic_2010[Keswick05].csv,Escalator0.0001
MoyieSprings1,HY_Generic_2010[Keswick05].csv,Escalator0.0001
MoyieSprings2,HY_Generic_2010[Keswick05].csv,Escalator0.00004
MoyieSprings3,HY_Generic_2010[Keswick05].csv,Escalator0.0001
MoyieSprings4,HY_Generic_2010[Keswick05].csv,Escalator0.00015
MuckValley,HY_HatCrkPit1_2010[05].csv,Escalator0.00325
MudCreek_S_S_1,HY_Generic_2010[Keswick05].csv,Escalator0.000052
MudCreek_White,HY_Generic_2010[Keswick05].csv,Escalator0.000021
Narrows1,HY_SFeatherColgate_2010[05].csv,Escalator0.0012
Narrows2,HY_Narrows2_2010[05].csv,Escalator0.0055
Newcastle_1,HY_YubaBear_2010[05].csv,Escalator0.0012
NewHogan1,HY_MokelumneRiver_2010[05].csv,Escalator0.000271
NewHogan2,HY_MokelumneRiver_2010[05].csv,Escalator0.000129
NewLahontan,HY_Generic_2010[Keswick05].csv,Escalator0.0004
NewMelones1,HY_NewMelones_2010[05].csv,Escalator0.015
NewMelones2,HY_NewMelones_2010[05].csv,Escalator0.015
Nimbus_1,HY_Nimbus_2010[05].csv,Escalator0.000863
Nimbus_2,HY_Nimbus_2010[05].csv,Escalator0.000863
Nooksack,HY_Generic_2010[Keswick05].csv,Escalator0.00015
OilFields_QF,HY_Generic_2010[Keswick05].csv,Escalator0.00038
Oldman_2_2,HY_OldmanRiver_2010[05].csv,Escalator0.0032
Oldman1-1,HY_OldmanRiver_2010[05].csv,Escalator0.0032
Olsen_GEN1,HY_BattleRiver_2010[05].csv,Escalator0.00058
Ontario1_1,HY_Generic_2010[Keswick05].csv,Escalator0.00003
Ontario1-2,HY_Generic_2010[Keswick05].csv,Escalator0.00003
Ontario1-3,HY_Generic_2010[Keswick05].csv,Escalator0.000033
Ontario2_1,HY_Generic_2010[Keswick05].csv,Escalator0.000037
Orodell_Hydro_1,HY_Generic_2010[Keswick05].csv,Escalator0.000022
Oxbow_(CA)_1,HY_YubaBear_2010[05].csv,Escalator0.0006
PanPacificWebFlat,HY_CVPShasta_2010[05].csv,Escalator0.00025
Pardee_1,HY_MokelumneRiver_2010[05].csv,Escalator0.000953
Pardee_2,HY_MokelumneRiver_2010[05].csv,Escalator0.000953
Pardee_3,HY_MokelumneRiver_2010[05].csv,Escalator0.001093
Parker_Dam_1,HY_Parker_2010[05].csv,Escalator0.003
Parker_Dam_2,HY_Parker_2010[05].csv,Escalator0.003
Parker_Dam_3,HY_Parker_2010[05].csv,Escalator0.003
Parker_Dam_4,HY_Parker_2010[05].csv,Escalator0.003
Perris_1,HY_Generic_2010[Keswick05].csv,Escalator0.000794
PHP_2_2,HY_Generic_2010[Keswick05].csv,Escalator0.00118
Pigeon_Cove_1,HY_Generic_2010[Keswick05].csv,Escalator0.000189
Pit_1_H1,HY_Pit1_2010[05].csv,Escalator0.0032
Pit_1_H2,HY_Pit1_2010[05].csv,Escalator0.0032
Pit_3_H1,HY_Pit3_2010[05].csv,Escalator0.00267
Pit_3_H2,HY_Pit3_2010[05].csv,Escalator0.00267
Pit_3_H3,HY_Pit3_2010[05].csv,Escalator0.00267
Pit5_Agg,HY_Generic_2010[Keswick05].csv,Escalator0.000375
POCATERA_1,HY_Generic_2010[Keswick05].csv,Escalator0.0012
PointLomaHY,HY_Generic_2010[Keswick05].csv,Escalator0.000135
Pole_Hill_1,HY_PoleHill_2010[05].csv,Escalator0.00382
Poole_1,HY_BishopCreek_2010[05].csv,Escalator0.00109
Portal,HY_Portal_2010[05].csv,Escalator0.00108
Potter_Valley_1,HY_EelRiver_2010[05].csv,Escalator0.000473
Potter_Valley_2,HY_EelRiver_2010[05].csv,Escalator0.000215
Potter_Valley_3,HY_EelRiver_2010[05].csv,Escalator0.000322
Priest_Rapids_1,HY_PrstRpds_2010[05].csv,Escalator0.0095
Priest_Rapids_2,HY_PrstRpds_2010[05].csv,Escalator0.00978
Priest_Rapids_3,HY_PrstRpds_2010[05].csv,Escalator0.0095
Priest_Rapids_4,HY_PrstRpds_2010[05].csv,Escalator0.0095
Priest_Rapids_5,HY_PrstRpds_2010[05].csv,Escalator0.0095
Priest_Rapids_6,HY_PrstRpds_2010[05].csv,Escalator0.0095
Priest_Rapids_7,HY_PrstRpds_2010[05].csv,Escalator0.0095
Priest_Rapids_8,HY_PrstRpds_2010[05].csv,Escalator0.0095
Priest_Rapids_9,HY_PrstRpds_2010[05].csv,Escalator0.00978
Priest_Rapids10,HY_PrstRpds_2010[05].csv,Escalator0.0095
PristineSpgs1_1,HY_Generic_2010[Keswick05].csv,Escalator0.000013
PristineSpgs3_1,HY_Generic_2010[Keswick05].csv,Escalator0.00002
R_C_Kirkwood_1,HY_Kirkwood_2010[05].csv,Escalator0.004313
R_C_Kirkwood_2,HY_Kirkwood_2010[05].csv,Escalator0.004313
R_C_Kirkwood_3,HY_Kirkwood_2010[05].csv,Escalator0.004313
Ralston,HY_Ralston_2010[05].csv,Escalator0.00895
Rancho,HY_Generic_2010[Keswick05].csv,Escalator0.000465
Raymond,HY_RayRes_2010[05].csv,Escalator0.002
RECTOR_Agg,HY_Generic_2010[Keswick05].csv,Escalator0.001953
Red_Mountain_1,HY_Generic_2010[Keswick05].csv,Escalator0.00059
Reynolds,HY_Generic_2010[Keswick05].csv,Escalator0.000026
RHONDO,HY_Generic_2010[Keswick05].csv,Escalator0.000512
Rim_View_1,HY_Generic_2010[Keswick05].csv,Escalator0.00002
Rio_Hondo_1,HY_Generic_2010[Keswick05].csv,Escalator0.000191
RioBravo_Hydro1,HY_Kern_River_2010[05].csv,Escalator0.00092
RioBravo_Hydro2,HY_Kern_River_2010[05].csv,Escalator0.00092
RioOso_QF,HY_Generic_2010[Keswick05].csv,Escalator0.00025
Robbs_Peak_1,HY_SMUDHydro_2010[05].csv,Escalator0.00243
Rock_Island_A,HY_RockIsland_2010[05].csv,Escalator0.0001225
Rock_Island_B_1,HY_RockIsland_2010[05].csv,Escalator0.00207
Rock_Island_B_2,HY_RockIsland_2010[05].csv,Escalator0.00207
Rock_Island_B_3,HY_RockIsland_2010[05].csv,Escalator0.00207
Rock_Island_B_4,HY_RockIsland_2010[05].csv,Escalator0.00207
Rock_Island_B_5,HY_RockIsland_2010[05].csv,Escalator0.00225
Rock_Island_B_6,HY_RockIsland_2010[05].csv,Escalator0.00225
Rock_Island_B_7,HY_RockIsland_2010[05].csv,Escalator0.00225
Rock_Island_B_8,HY_RockIsland_2010[05].csv,Escalator0.00225
Rock_Island_B_9,HY_RockIsland_2010[05].csv,Escalator0.00225
Rock_Island_B10,HY_RockIsland_2010[05].csv,Escalator0.00225
Rock_Island_U_1,HY_RockIsland_2010[05].csv,Escalator0.00513
Rock_Island_U_2,HY_RockIsland_2010[05].csv,Escalator0.00513
Rock_Island_U_3,HY_RockIsland_2010[05].csv,Escalator0.00513
Rock_Island_U_4,HY_RockIsland_2010[05].csv,Escalator0.00513
Rock_Island_U_5,HY_RockIsland_2010[05].csv,Escalator0.00513
Rock_Island_U_6,HY_RockIsland_2010[05].csv,Escalator0.00513
Rock_Island_U_7,HY_RockIsland_2010[05].csv,Escalator0.00513
Rock_Island_U_8,HY_RockIsland_2010[05].csv,Escalator0.00513
Rollins,HY_MiddleForkYuba_2010[05].csv,Escalator0.00135
Rush_Creek_1,HY_BishopCreek_2010[05].csv,Escalator0.000513
Rush_Creek_2,HY_BishopCreek_2010[05].csv,Escalator0.000637
Sagebrush_1,HY_Generic_2010[Keswick05].csv,Escalator0.000043
Sahko_1,HY_Generic_2010[Keswick05].csv,Escalator0.00005
San_Joaquin_2_1,HY_SanJoachinWishon_2010[05].csv,Escalator0.00032
San_Joaquin_3_3,HY_SanJoachinWishon_2010[05].csv,Escalator0.00042
Sand_Bar,HY_StanislausDonnels_2010[05].csv,Escalator0.00186
SanJoaquin1A,HY_SanJoachinWishon_2010[05].csv,Escalator0.00004
SAUGUS,HY_Generic_2010[Keswick05].csv,Escalator0.000933
Sawtelle_1,HY_Generic_2010[Keswick05].csv,Escalator0.000064
Schaffner_1,HY_Generic_2010[Keswick05].csv,Escalator0.000053
Seminoe_1,HY_Seminoe_2010[05].csv,Escalator0.00172
Seminoe_2,HY_Seminoe_2010[05].csv,Escalator0.00172
Seminoe_3,HY_Seminoe_2010[05].csv,Escalator0.00172
Shasta_River_1,HY_Generic_2010[Keswick05].csv,Escalator0.00001
Shingle_Creek_1,HY_Generic_2010[Keswick05].csv,Escalator0.000022
Sierra1,HY_Generic_2010[Keswick05].csv,Escalator0.000037
Sierra2,HY_Generic_2010[Keswick05].csv,Escalator0.000037
Slab_Creek_1,HY_Generic_2010[Keswick05].csv,Escalator0.000048
Sly_Creek_1,HY_SFeatherPalermo_2010[05].csv,Escalator0.0013
SmithCreek,HY_Generic_2010[Keswick05].csv,Escalator0.000008
Snake_River,HY_Generic_2010[Keswick05].csv,Escalator0.000007
Snedigar_1,HY_Generic_2010[Keswick05].csv,Escalator0.000054
South_1,HY_BattleRiver_2010[05].csv,Escalator0.00071
Spaulding_2_1,HY_YubaBear_2010[05].csv,Escalator0.000767
Spaulding_3_1,HY_YubaBear_2010[05].csv,Escalator0.00065
Spaulding1-1,HY_YubaBear_2010[05].csv,Escalator0.000767
Spring_Creek_1,HY_SpringCreek_2010[05].csv,Escalator0.00958
Spring_Creek_2,HY_SpringCreek_2010[05].csv,Escalator0.00958
Spring_Gap_1,HY_StanislausDonnels_2010[05].csv,Escalator0.0007
St.Johns,HY_Generic_2010[Keswick05].csv,Escalator0.000108
St_Marys_Dam,HY_Generic_2010[Keswick05].csv,Escalator0.00023
Stagecoach,HY_Generic_2010[Keswick05].csv,Escalator0.000082
Stanislaus_HC1,HY_Stanislaus_2010[05].csv,Escalator0.0091
Stone_Drop_1,HY_Generic_2010[Keswick05].csv,Escalator0.000024
SunshineCO,HY_Generic_2010[Keswick05].csv,Escalator0.00007
Swift_1_HY11,HY_Swift1_2010[05].csv,Escalator0.008
Swift_1_HY12,HY_Swift1_2010[05].csv,Escalator0.008
Swift_1_HY13,HY_Swift1_2010[05].csv,Escalator0.008
SygitowiczCreek,HY_Generic_2010[Keswick05].csv,Escalator0.000045
TableMountainQF,HY_Generic_2010[Keswick05].csv,Escalator0.00058
TaylorHydro,HY_Taylor_2010[05].csv,Escalator0.0014
Temescal_1,HY_Generic_2010[Keswick05].csv,Escalator0.000285
TESLA_QF,HY_Generic_2010[Keswick05].csv,Escalator0.000246
Thermalito_1,HY_THermalito_2010[05].csv,Escalator0.004042
Tiber_Dam,HY_Generic_2010[Keswick05].csv,Escalator0.00075
Toadtown_1,HY_WestFeatherRiver_2010[05].csv,Escalator0.00015
Toketee_Falls_1,HY_Toketee_2010[05].csv,Escalator0.001467
Toketee_Falls_2,HY_Toketee_2010[05].csv,Escalator0.001467
Toketee_Falls_3,HY_Toketee_2010[05].csv,Escalator0.001467
Towaoc_1,HY_Towaoc_2010[05].csv,Escalator0.00115
Trail_Bridge,HY_Generic_2010[Keswick05].csv,Escalator0.001
TroutCoBillngsleyCrk,HY_Generic_2010[Keswick05].csv,Escalator0.000024
Tule_River1,HY_Generic_2010[Keswick05].csv,Escalator0.00042
Tule_River2,HY_Generic_2010[Keswick05].csv,Escalator0.00042
Tule_River3,HY_Generic_2010[Keswick05].csv,Escalator0.00013
Tule_River4,HY_Generic_2010[Keswick05].csv,Escalator0.00013
Tulloch_1,HY_StanislausDonnels_2010[05].csv,Escalator0.000985
Tulloch_2,HY_StanislausDonnels_2010[05].csv,Escalator0.000985
Turnip_1,HY_Generic_2010[Keswick05].csv,Escalator0.00004
Upper_Dawson_1,HY_TuolumneDonPedro_2010[05].csv,Escalator0.00044
VecinoVineyards,HY_Generic_2010[Keswick05].csv,Escalator0.000125
Venice_1,HY_Generic_2010[Keswick05].csv,Escalator0.001014
Volta_2_1,HY_BattleRiver_2010[05].csv,Escalator0.0001
VOLTA_QF,HY_Generic_2010[Keswick05].csv,Escalator0.00029
Volta1-1,HY_BattleRiver_2010[05].csv,Escalator0.00091
W_E_Warne_1,HY_WEWarne_2010[05].csv,Escalator0.00391
W_E_Warne_2,HY_WEWarne_2010[05].csv,Escalator0.00391
Wanapum01,HY_Wanapum_2010[05].csv,Escalator0.01228
Wanapum03,HY_Wanapum_2010[05].csv,Escalator0.01038
Wanapum04,HY_Wanapum_2010[05].csv,Escalator0.01038
Wanapum06,HY_Wanapum_2010[05].csv,Escalator0.01038
Wanapum08,HY_Wanapum_2010[05].csv,Escalator0.01038
Wanapum09,HY_Wanapum_2010[05].csv,Escalator0.01038
Wanapum10,HY_Wanapum_2010[05].csv,Escalator0.01038
WarmSprings,HY_Generic_2010[Keswick05].csv,Escalator0.000375
Waterton_Dam,HY_Generic_2010[Keswick05].csv,Escalator0.00027
WATERWHEELRANCH,HY_Generic_2010[Keswick05].csv,Escalator0.0001
WestPoint_1,HY_MokelumneRiver_2010[05].csv,Escalator0.0014
Whiskeytown_1,HY_Whiskeytown_2010[05].csv,Escalator0.00035
WhiteWaterRanch,HY_Generic_2010[Keswick05].csv,Escalator0.000016
Wise1,HY_YubaBear_2010[05].csv,Escalator0.00145
Wise2,HY_YubaBear_2010[05].csv,Escalator0.00032
Woodleaf,HY_Woodleaf_2010[05].csv,Escalator0.006
YakamaDrop2,HY_Generic_2010[Keswick05].csv,Escalator0.00025
YakamaDrop3-1,HY_Generic_2010[Keswick05].csv,Escalator0.00008
YakamaDrop3-2,HY_Generic_2010[Keswick05].csv,Escalator0.00008
Yale1,HY_Yale_2010[05].csv,Escalator0.0067
Yale2,HY_Yale_2010[05].csv,Escalator0.0067
YoungsCreek,HY_Generic_2010[Keswick05].csv,Escalator0.00075
